<?xml version="1.0" encoding="UTF-8" ?>
<!DOCTYPE configuration
        PUBLIC "-//mybatis.org//DTD Config 3.0//EN"
        "http://mybatis.org/dtd/mybatis-3-config.dtd">
<configuration>

    <settings>

        <!--配置日志，需要log4j.properties 和 jar包-->
        <!--<setting name="logImpl" value="log4j"/>-->

        <!--    Mybatis开启驼峰命名  -->
        <setting name="mapUnderscoreToCamelCase" value="true"/>

    </settings>

    <!--   加入 pagehelper插件  -->
    <plugins>
        <plugin interceptor="com.github.pagehelper.PageInterceptor">
            <!-- config params as the following -->
            <property name="param1" value="value1"/>
        </plugin>
    </plugins>


</configuration>