<?xml version="1.0" encoding="UTF-8"?>
<beans xmlns="http://www.springframework.org/schema/beans"
       xmlns:xsi="http://www.w3.org/2001/XMLSchema-instance"
       xmlns:context="http://www.springframework.org/schema/context"
       xmlns:util="http://www.springframework.org/schema/util" xmlns:mybatis="http://mybatis.org/schema/mybatis-spring"
       xmlns:tx="http://www.springframework.org/schema/tx" xmlns:aop="http://www.springframework.org/schema/aop"
       xsi:schemaLocation="http://www.springframework.org/schema/beans http://www.springframework.org/schema/beans/spring-beans.xsd http://www.springframework.org/schema/context https://www.springframework.org/schema/context/spring-context.xsd http://www.springframework.org/schema/util https://www.springframework.org/schema/util/spring-util.xsd http://mybatis.org/schema/mybatis-spring http://mybatis.org/schema/mybatis-spring.xsd http://www.springframework.org/schema/tx http://www.springframework.org/schema/tx/spring-tx.xsd http://www.springframework.org/schema/aop https://www.springframework.org/schema/aop/spring-aop.xsd">

    <!--   dao层相关配置 开始  -->

    <!-- 组件扫描 扫描注解，dao层暂时用不到 -->
    <!--<context:component-scan base-package="net.wanho.mapper" />-->

    <!-- 方式二 注意：此方法 是 util #{ id.key }的配置方法
         解决了 以上必须指定 jdbc.username与系统环境变量冲突的bug -->
    <util:properties id="JDBCUtil" local-override="true"
                     location="classpath:properties/jdbc.properties" />

    <!-- Druid连接池 -->
    <!-- 不能用 JDBCUtil.jdbc.url ， 只能是 JDBCUtil['jdbc.url']-->
    <bean id="dataSource" class="com.alibaba.druid.pool.DruidDataSource" destroy-method="close" >
        <property name="driverClassName" value="#{JDBCUtil['jdbc.driverClassName']}"></property>
        <property name="url" value="#{JDBCUtil['jdbc.url']}"></property>
        <property name="username" value="#{JDBCUtil['jdbc.username']}"></property>
        <property name="password" value="#{JDBCUtil['jdbc.password']}"></property>
        <property name="initialSize" value="#{JDBCUtil['jdbc.initialSize']}"></property>
        <property name="maxActive" value="#{JDBCUtil['jdbc.maxActive']}"></property>
        <property name="maxWait" value="#{JDBCUtil['jdbc.maxWait']}"></property>
    </bean>


    <!-- mybatis-spring 提供SqlSessionFactory -->
    <bean id="sqlSessionFactory" class="org.mybatis.spring.SqlSessionFactoryBean">
        <property name="dataSource" ref="dataSource" />

        <!--     指定 mybatis的 核心配置文件  mybatis-config.xml  -->
        <property name="configLocation" value="classpath:mybatis/mybatis-config.xml"/>

        <!--  自定义mapper.xml位置， 如果和mybatis约定路径一致也可以不写 -->
        <!--  classpath* : 跨jar包。 **：多级目录，任一xml文件  -->
        <property name="mapperLocations" value="classpath*:mapper/**/*.xml"/>

        <!-- select resultType 别名 -->
        <property name="typeAliasesPackage" value="net.wanho.po"/>
    </bean>

    <!-- 创建 mapper 接口的代理类  [mybatis 管理dao层的bean] -->
    <mybatis:scan base-package="net.wanho.mapper"/>

    <!-- 第二种配置 value="sqlSessionFactory"  不是 ref 像是 byName  -->
    <!--<bean class="org.mybatis.spring.mapper.MapperScannerConfigurer">-->
    <!--    <property name="basePackage" value="net.wanho.mybatis.mapper04" />-->
    <!--    <property name="sqlSessionFactoryBeanName" value="sqlSessionFactory"></property>-->
    <!--</bean>-->

    <!--   dao层相关配置 结束  -->


    <!--   service层相关配置 开始  -->
    <!-- service 组件扫描   -->
    <context:component-scan base-package="net.wanho.service.impl" />

    <!--spring 事务管理器 默认 setAutoCommit（true）自动提交模式(autocommit mode)-->
    <!--tx：本质是个拦截器-->
    <bean id="transactionManager" class="org.springframework.jdbc.datasource.DataSourceTransactionManager">
        <property name="dataSource" ref="dataSource"></property>
    </bean>

    <!--配置事务通知-->
    <!--
        <tx:advice id="txAdvice" transaction-manager="transactionManager">
            <tx:attributes>
                <tx:method name="insert*"/>
            </tx:attributes>
        </tx:advice>
    -->

    <!-- 配置事务切入点, 把事务切入点和事务通知关联起来 -->
    <!--
        <aop:config>
            <aop:pointcut id="txPointcut" expression="execution(* net.wanho.mybatis.service.impl.*.*(..))" />
            <aop:advisor advice-ref="txAdvice" pointcut-ref="txPointcut"/>
        </aop:config>
    -->

    <!-- 启用事务注解  当 transaction-manager="transactionManager"，transaction-manager配置 可以省略-->
    <tx:annotation-driven transaction-manager="transactionManager"/>


    <!--  redis相关配置  -->
    <!-- jedis基本配置
    <bean id="jedis" class="redis.clients.jedis.Jedis">
        <constructor-arg name="host" value="127.0.0.1"></constructor-arg>
        <constructor-arg name="port" value="6379"></constructor-arg>
    </bean>
    -->
    <!--redisTemplate配置开始-->
    <!--   扫包 工具类  -->
    <context:component-scan base-package="net.wanho.util" />
    <!-- 读redis配置文件 -->
    <context:property-placeholder location="classpath:properties/redis.properties" ignore-unresolvable="true"/>
    <!-- 配置redis连接池 -->
    <bean id="jedisPoolConfig" class="redis.clients.jedis.JedisPoolConfig">
        <property name="maxIdle" value="${redis.maxIdle}"  />
        <property name="maxTotal" value="${redis.maxActive}"  />
        <property name="maxWaitMillis" value="${redis.maxWait}"  />
        <property name="testOnBorrow" value="${redis.testOnBorrow}"  />
    </bean>
    <!-- 配置工厂 -->
    <bean id="jedisConnectionFactory" class="org.springframework.data.redis.connection.jedis.JedisConnectionFactory">
        <property name="hostName" value="${redis.host}" />
        <property name="port" value="${redis.port}" />
        <property name="poolConfig" ref="jedisPoolConfig" />
    </bean>

    <!--redis操作模版,使用该对象可以操作redis  -->
    <bean id="redisTemplate" class="org.springframework.data.redis.core.RedisTemplate" >
        <property name="connectionFactory" ref="jedisConnectionFactory" />
        <!-- 如果不配置Serializer，那么存储的时候默认存String，
             如果用User类型存储，那么会提示错误User can't cast to String！！  -->
        <property name="keySerializer" >
            <bean class="org.springframework.data.redis.serializer.StringRedisSerializer" />
        </property>
        <property name="valueSerializer" >
            <bean class="org.springframework.data.redis.serializer.GenericJackson2JsonRedisSerializer" />
        </property>
        <!-- <property name="hashKeySerializer">
             <bean class="org.springframework.data.redis.serializer.StringRedisSerializer"/>
         </property>
         <property name="hashValueSerializer">
             <bean class="org.springframework.data.redis.serializer.GenericJackson2JsonRedisSerializer"/>
         </property>-->
         <!--  开启事务  -->
        <property name="enableTransactionSupport" value="true"></property>
    </bean>
    <!--redisTemplate配置结束-->


</beans>