<?xml version="1.0" encoding="UTF-8"?>
<beans xmlns="http://www.springframework.org/schema/beans"
       xmlns:xsi="http://www.w3.org/2001/XMLSchema-instance"
       xmlns:context="http://www.springframework.org/schema/context"
       xmlns:mvc="http://www.springframework.org/schema/mvc"
       xsi:schemaLocation="http://www.springframework.org/schema/beans http://www.springframework.org/schema/beans/spring-beans.xsd http://www.springframework.org/schema/context https://www.springframework.org/schema/context/spring-context.xsd http://www.springframework.org/schema/mvc https://www.springframework.org/schema/mvc/spring-mvc.xsd">

    <!--扫包-->
    <context:component-scan base-package="net.wanho.controller" />
    <!--开启mvc注解-->
    <mvc:annotation-driven/>
    <!--静态文件放行-->
    <mvc:default-servlet-handler/>

    <!--静态文件放行法2-->
    <!--    如 HTML 里访问 /js/jquery.js, 则实际访问的是 /WEB-INF/asset/js/jquery.js
            mapping="/js/**"  location="/WEB-INF/asset/js/"     -->
    <!--<mvc:resources mapping="/js/**"   location="/js/" />-->
    <!--<mvc:resources mapping="/img/**"  location="/img/" />-->

    <!--视图解析器-->
    <bean id="viewResolver" class="org.springframework.web.servlet.view.InternalResourceViewResolver">
        <property name="prefix" value="/"></property>
        <property name="suffix" value=".jsp"></property>
    </bean>


    <!--   配置文件上传  -->
    <bean id="multipartResolver" class="org.springframework.web.multipart.commons.CommonsMultipartResolver">
        <property name="defaultEncoding" value="UTF-8"/>
        <!--限制上传文件大小 1024*200即200k-->
        <property name="maxUploadSize" value="204800" />
        <property name="maxInMemorySize" value="100000" />
    </bean>

    <!-- shiro相关配置 -->
    <context:property-placeholder location="classpath:properties/shiro.properties" ignore-unresolvable="true"/>

    <bean id="myRealm" class="net.wanho.realm.MyRealm">
        <property name="credentialsMatcher">
            <bean class="org.apache.shiro.authc.credential.HashedCredentialsMatcher">
                <property name="hashAlgorithmName" value="${shiro.hashAlgorithmName}"></property> <!-- 加密算法的名称 -->
                <property name="hashIterations" value="${shiro.hashIterations}"></property> <!-- 配置加密的次数 -->
            </bean>
        </property>
    </bean>

    <bean id="securityManager"   class="org.apache.shiro.web.mgt.DefaultWebSecurityManager">
        <property name="realm" ref="myRealm"/>
    </bean>
    <!--
     loginUrl：没有登录的用户请求需要登录的页面时自动跳转到登录页面。
     unauthorizedUrl：没有权限默认跳转的页面，登录的用户访问了没有被授权的资源自动跳转到的页面。
     -->
    <bean id="shiroFilter" class="org.apache.shiro.spring.web.ShiroFilterFactoryBean">
        <property name="securityManager" ref="securityManager"/>
        <property name="loginUrl" value="/login.jsp"/>
        <property name="unauthorizedUrl" value="/noRolesOrPerms.jsp"/>
        <property name="filterChainDefinitions">
            <value>
                <!--anon  表示不需要登录就能访问
                    authc 表示需要登录才能访问 -->
                <!--
                    /vue/**=anon
                    /login.jsp=anon
                    /login=anon
                    /noRolesOrPerms.jsp=anon
                -->
                <!--表示用户必须已通过认证,并拥有admin角色才可以正常发起'/success.jsp'请求-->
                <!--    /success.jsp=authc,roles[HR]-->
                <!--
                   /success.jsp=authc
                   /**=authc
               -->
           </value>
       </property>
   </bean>



</beans>