<?xml version="1.0" encoding="UTF-8"?>
<!DOCTYPE mapper PUBLIC "-//mybatis.org//DTD Mapper 3.0//EN"
        "http://mybatis.org/dtd/mybatis-3-mapper.dtd" >
<mapper namespace="net.wanho.mapper.MenuMapper">
    <insert id="insertMenu" useGeneratedKeys="true" keyProperty="menuId" keyColumn="menu_id">
         INSERT INTO sys_menu (
                menu_id,
                menu_name,
                url,
                parent_menu_id
            )
            VALUES
                (
                    #{menuId},
                    #{menuName},
                    #{url},
                    #{parentMenuId}
                );
    </insert>

    <insert id="insertMenuRole">
            INSERT INTO sys_role_menu (menu_id, role_id)  VALUES

                <foreach collection="roleArray"  item="role"  separator="," >
                    (  #{menuId}, #{role} )
                </foreach>

    </insert>

    <delete id="deleteMenu">
            delete  from  sys_menu  where menu_id = #{menuId}
    </delete>

    <select id="getAllParentMenu" resultType="net.wanho.po.Menu">
            SELECT
                *
            FROM
                sys_menu
            where
                parent_menu_id IS NULL
   </select>

    <select id="getParentMenus" resultType="net.wanho.po.Menu">
            SELECT
              DISTINCT  menu.*
            FROM
                sys_menu menu
            LEFT JOIN sys_role_menu rm ON menu.menu_id = rm.menu_id
            LEFT JOIN sys_role role ON role.roleid = rm.role_id
            LEFT JOIN sys_user_role ur ON ur.roleid = role.roleid
            LEFT JOIN sys_user u ON u.uid = ur.uid
            where
                    menu.parent_menu_id IS NULL
                AND u.account = #{account}
   </select>

    <select id="getSonMenus" resultType="net.wanho.po.Menu">
             SELECT  *  FROM  sys_menu  where parent_menu_id = #{pid}

    </select>
</mapper>