<?xml version="1.0" encoding="UTF-8"?>
<!DOCTYPE mapper PUBLIC "-//mybatis.org//DTD Mapper 3.0//EN"
        "http://mybatis.org/dtd/mybatis-3-mapper.dtd" >
<mapper namespace="net.wanho.mapper.RoleMapper">
    <insert id="insertBatch">
        INSERT INTO sys_role (
                roleid,
                rolename,
                rolekey,
                roleSort,
                status,
                createTime,
                updateTime,
                del_flag
            )
            VALUES
            <foreach collection="list"  item="role"  separator="," >
                ( #{role.roleId}, #{role.roleName},#{role.roleKey},  #{role.roleSort},
                '0',now(),now(),'0')
            </foreach>
      </insert>
    <update id="updateRole">
            UPDATE sys_role
                <set>
                    <if test="roleName!=null and roleName!=''">
                        rolename = #{roleName},
                    </if>
                    <if test="roleKey!=null and roleKey!=''">
                        rolekey = #{roleKey},
                    </if>
                    <if test="roleKey!=null and  roleKey!='' and  roleSort>=0 ">
                        roleSort = #{roleSort},
                    </if>
                       status = #{status},
                       updateTime = now()
                </set>
                WHERE
                    roleid = #{roleId}
    </update>


    <delete id="deleteChecked">
           update sys_role
                set del_flag ='1'
             where  roleid in
        <foreach collection="array" open="(" close=")" item="id"  separator="," >
                #{id}
        </foreach>
    </delete>



    <select id="selectAllRole" resultType="net.wanho.po.Role">
            select  * from sys_role
            <where>
                <if test="roleName!=null and roleName!=''">
                     and roleName like concat('%',concat(#{roleName},'%'))
                </if>
                <if test="roleKey!=null and roleKey!=''">
                    and roleKey like  concat('%',concat(#{roleKey},'%'))
                </if>
                <if test="status!=null and status!=''">
                    and status = #{status}
                </if>
                <if test="createTime!=null ">
                    and createTime >= DATE_FORMAT(#{createTime},'%Y-%m-%d %T')
                </if>
                <if test="createEndTime!=null ">
                    <![CDATA[ and createTime < DATE_FORMAT(#{createEndTime},'%Y-%m-%d %T')  ]]>
                </if>
                    and del_flag = '0'
            </where>
    </select>
    <select id="selectById" resultType="net.wanho.po.Role">
             select  * from sys_role  where  roleid = #{roleid}
    </select>

    <select id="selectByName" resultType="net.wanho.po.Role">
            select  * from sys_role  where  roleName = #{roleName}
    </select>

    <select id="checkRoleName" resultType="String">
        select  rolename from sys_role
                where  rolename  in
        <foreach collection="list" open="(" close=")" item="name"  separator="," >
            #{name}
        </foreach>
    </select>

    <select id="selectByDownloadVO" resultType="net.wanho.po.Role">
        select  * from sys_role
        <where>
            <if test="roleName!=null and roleName!=''">
                and roleName like concat('%',concat(#{roleName},'%'))
            </if>
            <if test="roleKey!=null and roleKey!=''">
                and roleKey like  concat('%',concat(#{roleKey},'%'))
            </if>
            <if test="status!=null and status!=''">
                and status = #{status}
            </if>
            <if test="createTime!=null ">
                and createTime >= DATE_FORMAT(#{createTime},'%Y-%m-%d %T')
            </if>
            <if test="createEndTime!=null ">
                <![CDATA[ and createTime < DATE_FORMAT(#{createEndTime},'%Y-%m-%d %T')  ]]>
            </if>
            <if test="ids !=null and ids.length>0 ">
                and roleid in
                <foreach collection="ids" open="(" close=")" item="id"  separator="," >
                    #{id}
                </foreach>
            </if>
        </where>
    </select>
</mapper>